institution_name,institution_display_name,parent_organization,work_unit,location_hint,target_level,total_relevant_packages,total_pagu,months_found,relevant_categories,official_website,contact_email,contact_phone,contact_person,contact_role,contact_source_url,contact_source_type,contact_notes
Dinas Kesehatan,Dinas Kesehatan — Kab. Sukoharjo,Kab. Sukoharjo,Dinas Kesehatan,"Jawa Tengah, Sukoharjo (Kab.)",LOCAL_AGENCY,202,9900166818,June 2026; May 2026,AUDIO; CCTV; DESKTOP; IT_HARDWARE; LAPTOP; NETWORKING; OFFICE_FURNITURE; PRINTER; STORAGE; UPS,,,,,,,,
DINAS KESEHATAN,DINAS KESEHATAN — Kab. Wonogiri,Kab. Wonogiri,DINAS KESEHATAN,"Jawa Tengah, Wonogiri (Kab.)",LOCAL_AGENCY,175,4140111362,June 2026; May 2026,AUDIO; CAMERA_VIDEO; CCTV; DESKTOP; IT_HARDWARE; LAPTOP; NETWORKING; OFFICE_FURNITURE; PRINTER; SCANNER; SERVER; STORAGE; UPS,,,,,,,,
Sekretariat Daerah,Sekretariat Daerah — Kab. Ciamis,Kab. Ciamis,Sekretariat Daerah,"Jawa Barat, Ciamis (Kab.)",LOCAL_AGENCY,136,6044617909,June 2026; May 2026,AUDIO; CAMERA_VIDEO; CCTV; DESKTOP; IT_HARDWARE; LAPTOP; NETWORKING; OFFICE_FURNITURE; PRINTER; SCANNER; STORAGE; UPS,,,,,,,,
Dinas Perhubungan,Dinas Perhubungan — Kab. Purwakarta,Kab. Purwakarta,Dinas Perhubungan,"Jawa Barat, Purwakarta (Kab.)",LOCAL_AGENCY,114,5228936746,June 2026; May 2026,AUDIO; CAMERA_VIDEO; CCTV; DESKTOP; IT_HARDWARE; LAPTOP; NETWORKING; OFFICE_FURNITURE; PRINTER,,,,,,,,
Dinas Kependudukan dan Pencatatan Sipil,Dinas Kependudukan dan Pencatatan Sipil — Kota Malang,Kota Malang,Dinas Kependudukan dan Pencatatan Sipil,"Jawa Timur, Malang (Kota)",LOCAL_AGENCY,94,7590440390,June 2026; May 2026,AUDIO; CAMERA_VIDEO; CCTV; DESKTOP; IT_HARDWARE; NETWORKING; OFFICE_FURNITURE; PRINTER; SCANNER; SERVER,,,,,,,,
SEKRETARIAT DAERAH,SEKRETARIAT DAERAH — Kota Padang Panjang,Kota Padang Panjang,SEKRETARIAT DAERAH,"Sumatera Barat, Padang Panjang (Kota)",LOCAL_AGENCY,77,2363196892,June 2026; May 2026,AUDIO; CAMERA_VIDEO; DESKTOP; IT_HARDWARE; LAPTOP; NETWORKING; OFFICE_FURNITURE; PRINTER,,,,,,,,
Dinas Lingkungan Hidup,Dinas Lingkungan Hidup — Kab. Banggai,Kab. Banggai,Dinas Lingkungan Hidup,"Sulawesi Tengah, Banggai (Kab.) | Sulawesi Tengah, Banggai (Kab.) | Sulawesi Tengah, Banggai (Kab.)",LOCAL_AGENCY,75,1564012086,June 2026; May 2026,AUDIO; CAMERA_VIDEO; CCTV; DESKTOP; IT_HARDWARE; LAPTOP; NETWORKING; OFFICE_FURNITURE; PRINTER; SCANNER; STORAGE,,,,,,,,
Badan Kesatuan Bangsa dan Politik,Badan Kesatuan Bangsa dan Politik — Kab. Ciamis,Kab. Ciamis,Badan Kesatuan Bangsa dan Politik,"Jawa Barat, Ciamis (Kab.)",LOCAL_AGENCY,61,1170074104,June 2026; May 2026,AUDIO; DESKTOP; IT_HARDWARE; LAPTOP; NETWORKING; OFFICE_FURNITURE; PRINTER; SCANNER,,,,,,,,
DINAS KOMUNIKASI DAN INFORMATIKA,DINAS KOMUNIKASI DAN INFORMATIKA — Kab. Kendal,Kab. Kendal,DINAS KOMUNIKASI DAN INFORMATIKA,"Jawa Tengah, Kendal (Kab.)",LOCAL_AGENCY,53,12195089958,June 2026; May 2026,AUDIO; CAMERA_VIDEO; CCTV; DESKTOP; IT_HARDWARE; NETWORKING; OFFICE_FURNITURE; PRINTER; SCANNER; SERVER,,,,,,,,
Badan Pengelola Keuangan dan Aset Daerah,Badan Pengelola Keuangan dan Aset Daerah — Kota Cimahi,Kota Cimahi,Badan Pengelola Keuangan dan Aset Daerah,"Jawa Barat, Cimahi (Kota) | Jawa Barat, Cimahi (Kota) | Jawa Barat, Cimahi (Kota)",LOCAL_AGENCY,53,992224740,June 2026; May 2026,DESKTOP; IT_HARDWARE; LAPTOP; OFFICE_FURNITURE; PRINTER,,,,,,,,
DINAS LINGKUNGAN HIDUP,DINAS LINGKUNGAN HIDUP — Kab. Tanah Bumbu,Kab. Tanah Bumbu,DINAS LINGKUNGAN HIDUP,"Kalimantan Selatan, Tanah Bumbu (Kab.)",LOCAL_AGENCY,48,464132389,June 2026; May 2026,AUDIO; CCTV; DESKTOP; IT_HARDWARE; LAPTOP; OFFICE_FURNITURE; PRINTER; UPS,,,,,,,,
Dinas Sosial,Dinas Sosial — Kota Pariaman,Kota Pariaman,Dinas Sosial,"Sumatera Barat, Pariaman (Kota)",LOCAL_AGENCY,46,3213705135,June 2026; May 2026,AUDIO; DESKTOP; IT_HARDWARE; LAPTOP; OFFICE_FURNITURE; PRINTER,,,,,,,,
DINAS KEPENDUDUKAN DAN PENCATATAN SIPIL,DINAS KEPENDUDUKAN DAN PENCATATAN SIPIL — Kab. Deli Serdang,Kab. Deli Serdang,DINAS KEPENDUDUKAN DAN PENCATATAN SIPIL,"Sumatera Utara, Deli Serdang (Kab.)",LOCAL_AGENCY,45,3279672750,June 2026; May 2026,AUDIO; CCTV; DESKTOP; IT_HARDWARE; LAPTOP; NETWORKING; OFFICE_FURNITURE; PRINTER; SCANNER; SERVER; UPS,,,,,,,,
DINAS PEKERJAAN UMUM DAN PENATAAN RUANG,DINAS PEKERJAAN UMUM DAN PENATAAN RUANG — Kota Solok,Kota Solok,DINAS PEKERJAAN UMUM DAN PENATAAN RUANG,"Sumatera Barat, Solok (Kota)",LOCAL_AGENCY,42,618931366,June 2026; May 2026,DESKTOP; IT_HARDWARE; LAPTOP; OFFICE_FURNITURE; PRINTER; SCANNER; STORAGE,,,,,,,,
INSPEKTORAT,INSPEKTORAT — Kota Surakarta,Kota Surakarta,INSPEKTORAT,"Jawa Tengah, Surakarta (Kota)",LOCAL_AGENCY,40,2433946547,June 2026; May 2026,AUDIO; CCTV; DESKTOP; IT_HARDWARE; LAPTOP; NETWORKING; OFFICE_FURNITURE; PRINTER; SCANNER; SERVER; STORAGE,,,,,,,,
BADAN KESATUAN BANGSA DAN POLITIK,BADAN KESATUAN BANGSA DAN POLITIK — Kab. Kepulauan Mentawai,Kab. Kepulauan Mentawai,BADAN KESATUAN BANGSA DAN POLITIK,"Sumatera Barat, Kepulauan Mentawai (Kab.)",LOCAL_AGENCY,39,1874623426,June 2026; May 2026,AUDIO; CAMERA_VIDEO; DESKTOP; IT_HARDWARE; OFFICE_FURNITURE; PRINTER,,,,,,,,
Dinas Pertanian,Dinas Pertanian — Kab. Ogan Komering Ulu,Kab. Ogan Komering Ulu,Dinas Pertanian,"Sumatera Selatan, Ogan Komering Ulu (Kab.) | Sumatera Selatan, Ogan Komering Ulu (Kab.) | Sumatera Selatan, Ogan Komering Ulu (Kab.)",LOCAL_AGENCY,38,750799528,June 2026; May 2026,AUDIO; DESKTOP; IT_HARDWARE; LAPTOP; OFFICE_FURNITURE; PRINTER,,,,,,,,
DINAS PERTANIAN,DINAS PERTANIAN — Kab. Indragiri Hilir,Kab. Indragiri Hilir,DINAS PERTANIAN,"Riau, Indragiri Hilir (Kab.)",LOCAL_AGENCY,38,675734700,June 2026; May 2026,AUDIO; CCTV; DESKTOP; IT_HARDWARE; OFFICE_FURNITURE; PRINTER; STORAGE,,,,,,,,
Dinas Perikanan,Dinas Perikanan — Kab. Muara Enim,Kab. Muara Enim,Dinas Perikanan,"Sumatera Selatan, Muara Enim (Kab.)",LOCAL_AGENCY,37,1027785460,June 2026; May 2026,CAMERA_VIDEO; DESKTOP; IT_HARDWARE; OFFICE_FURNITURE; PRINTER; SCANNER; STORAGE,,,,,,,,
Inspektorat,Inspektorat — Kab. Lingga,Kab. Lingga,Inspektorat,"Kepulauan Riau, Lingga (Kab.)",LOCAL_AGENCY,36,1360480676,June 2026; May 2026,AUDIO; CCTV; DESKTOP; IT_HARDWARE; NETWORKING; OFFICE_FURNITURE; PRINTER; SCANNER,,,,,,,,
DINAS SOSIAL,DINAS SOSIAL — Kota Depok,Kota Depok,DINAS SOSIAL,"Jawa Barat, Depok (Kota)",LOCAL_AGENCY,36,871941151,June 2026; May 2026,AUDIO; CCTV; DESKTOP; IT_HARDWARE; LAPTOP; NETWORKING; OFFICE_FURNITURE; PRINTER,,,,,,,,
Badan Kepegawaian dan Pengembangan Sumber Daya Manusia,Badan Kepegawaian dan Pengembangan Sumber Daya Manusia — Kab. Jombang,Kab. Jombang,Badan Kepegawaian dan Pengembangan Sumber Daya Manusia,"Jawa Timur, Jombang (Kab.)",LOCAL_AGENCY,33,1778028505,June 2026; May 2026,CAMERA_VIDEO; CCTV; DESKTOP; IT_HARDWARE; LAPTOP; NETWORKING; OFFICE_FURNITURE; PRINTER; SCANNER,,,,,,,,
Dinas Penanaman Modal dan Pelayanan Terpadu Satu Pintu,Dinas Penanaman Modal dan Pelayanan Terpadu Satu Pintu — Kota Ambon,Kota Ambon,Dinas Penanaman Modal dan Pelayanan Terpadu Satu Pintu,"Maluku, Ambon (Kota)",LOCAL_AGENCY,33,807868133,June 2026; May 2026,DESKTOP; IT_HARDWARE; LAPTOP; NETWORKING; OFFICE_FURNITURE; UPS,,,,,,,,
Dinas Pemuda dan Olahraga,Dinas Pemuda dan Olahraga — Kota Medan,Kota Medan,Dinas Pemuda dan Olahraga,"Sumatera Utara, Medan (Kota)",LOCAL_AGENCY,32,5144117203,June 2026; May 2026,AUDIO; CAMERA_VIDEO; DESKTOP; IT_HARDWARE; LAPTOP; NETWORKING; OFFICE_FURNITURE,,,,,,,,
BADAN KEPEGAWAIAN DAN PENGEMBANGAN SUMBER DAYA MANUSIA,BADAN KEPEGAWAIAN DAN PENGEMBANGAN SUMBER DAYA MANUSIA — Kab. Kendal,Kab. Kendal,BADAN KEPEGAWAIAN DAN PENGEMBANGAN SUMBER DAYA MANUSIA,"Jawa Tengah, Kendal (Kab.)",LOCAL_AGENCY,31,1032210854,June 2026; May 2026,DESKTOP; IT_HARDWARE; OFFICE_FURNITURE; PRINTER,,,,,,,,
Satuan Polisi Pamong Praja,Satuan Polisi Pamong Praja — Kab. Bangli,Kab. Bangli,Satuan Polisi Pamong Praja,"Bali, Bangli (Kab.)",LOCAL_AGENCY,31,673678886,June 2026; May 2026,AUDIO; CAMERA_VIDEO; DESKTOP; IT_HARDWARE; LAPTOP; NETWORKING; OFFICE_FURNITURE; PRINTER; STORAGE,,,,,,,,
BADAN PENGELOLAAN KEUANGAN DAN ASET DAERAH,BADAN PENGELOLAAN KEUANGAN DAN ASET DAERAH — Kota Denpasar,Kota Denpasar,BADAN PENGELOLAAN KEUANGAN DAN ASET DAERAH,"Bali, Denpasar (Kota)",LOCAL_AGENCY,30,1267651665,June 2026; May 2026,AUDIO; DESKTOP; IT_HARDWARE; LAPTOP; OFFICE_FURNITURE; PRINTER,,,,,,,,
Dinas Perpustakaan dan Kearsipan,Dinas Perpustakaan dan Kearsipan — Kota Bukittinggi,Kota Bukittinggi,Dinas Perpustakaan dan Kearsipan,"Sumatera Barat, Bukit Tinggi (Kota)",LOCAL_AGENCY,30,1152062217,June 2026; May 2026,AUDIO; CCTV; DESKTOP; IT_HARDWARE; LAPTOP; NETWORKING; OFFICE_FURNITURE; SCANNER; STORAGE,,,,,,,,
DINAS PERIKANAN,DINAS PERIKANAN — Kota Batam,Kota Batam,DINAS PERIKANAN,"Kepulauan Riau, Batam (Kota)",LOCAL_AGENCY,30,402707820,June 2026; May 2026,AUDIO; DESKTOP; IT_HARDWARE; NETWORKING; OFFICE_FURNITURE; PRINTER; STORAGE,,,,,,,,
DINAS PEMBERDAYAAN MASYARAKAT DAN DESA,DINAS PEMBERDAYAAN MASYARAKAT DAN DESA — Kab. Bengkayang,Kab. Bengkayang,DINAS PEMBERDAYAAN MASYARAKAT DAN DESA,"Kalimantan Barat, Bengkayang (Kab.)",LOCAL_AGENCY,29,169041800,June 2026; May 2026,AUDIO; IT_HARDWARE; NETWORKING; OFFICE_FURNITURE,,,,,,,,
"Dinas Komunikasi, Informatika, Statistik dan Persandian","Dinas Komunikasi, Informatika, Statistik dan Persandian — Kota Bekasi",Kota Bekasi,"Dinas Komunikasi, Informatika, Statistik dan Persandian","Jawa Barat, Bekasi (Kota) | Jawa Barat, Bekasi (Kota) | Jawa Barat, Bekasi (Kota) | Jawa Barat, Bekasi (Kota)",LOCAL_AGENCY,28,9816545015,June 2026; May 2026,CCTV; DESKTOP; IT_HARDWARE; NETWORKING; SERVER; STORAGE,,,,,,,,
Bagian Umum,Bagian Umum — Kota Manado,Kota Manado,Bagian Umum,"Sulawesi Utara, Manado (Kota)",LOCAL_AGENCY,27,2785546152,June 2026; May 2026,AUDIO; CAMERA_VIDEO; IT_HARDWARE; NETWORKING; OFFICE_FURNITURE,,,,,,,,
Badan Perencanaan Pembangunan Daerah,Badan Perencanaan Pembangunan Daerah — Kab. Buleleng,Kab. Buleleng,Badan Perencanaan Pembangunan Daerah,"Bali, Buleleng (Kab.)",LOCAL_AGENCY,25,337635788,June 2026; May 2026,AUDIO; DESKTOP; IT_HARDWARE; LAPTOP; NETWORKING; PRINTER; STORAGE,,,,,,,,
DINAS PARIWISATA,DINAS PARIWISATA — Kota Solok,Kota Solok,DINAS PARIWISATA,"Sumatera Barat, Solok (Kota)",LOCAL_AGENCY,24,232484703,June 2026; May 2026,AUDIO; DESKTOP; IT_HARDWARE; OFFICE_FURNITURE,,,,,,,,
DINAS PERDAGANGAN DAN PERINDUSTRIAN,DINAS PERDAGANGAN DAN PERINDUSTRIAN — Kota Tanjung Pinang,Kota Tanjung Pinang,DINAS PERDAGANGAN DAN PERINDUSTRIAN,"Kepulauan Riau, Tanjung Pinang (Kota)",LOCAL_AGENCY,24,214835619,June 2026; May 2026,CCTV; IT_HARDWARE; OFFICE_FURNITURE,,,,,,,,
DINAS PENANAMAN MODAL DAN PELAYANAN TERPADU SATU PINTU,DINAS PENANAMAN MODAL DAN PELAYANAN TERPADU SATU PINTU — Kab. Aceh Tengah,Kab. Aceh Tengah,DINAS PENANAMAN MODAL DAN PELAYANAN TERPADU SATU PINTU,"Aceh, Aceh Tengah (Kab.) | Aceh, Aceh Tengah (Kab.)",LOCAL_AGENCY,23,317224664,June 2026; May 2026,DESKTOP; IT_HARDWARE; LAPTOP; NETWORKING; OFFICE_FURNITURE; PRINTER,,,,,,,,
Badan Pengelolaan Keuangan dan Aset Daerah,Badan Pengelolaan Keuangan dan Aset Daerah — Kota Yogyakarta,Kota Yogyakarta,Badan Pengelolaan Keuangan dan Aset Daerah,"DI Yogyakarta, Yogyakarta (Kota)",LOCAL_AGENCY,22,1430540259,June 2026; May 2026,AUDIO; DESKTOP; IT_HARDWARE; NETWORKING; OFFICE_FURNITURE; PRINTER; STORAGE,,,,,,,,
Dinas Pemadam Kebakaran dan Penyelamatan,Dinas Pemadam Kebakaran dan Penyelamatan — Kab. Ogan Komering Ulu Selatan,Kab. Ogan Komering Ulu Selatan,Dinas Pemadam Kebakaran dan Penyelamatan,"Sumatera Selatan, Ogan Komering Ulu Selatan (Kab.)",LOCAL_AGENCY,21,1123040270,June 2026; May 2026,AUDIO; CAMERA_VIDEO; DESKTOP; IT_HARDWARE; OFFICE_FURNITURE; PRINTER,,,,,,,,
DINAS PERUMAHAN DAN KAWASAN PERMUKIMAN,DINAS PERUMAHAN DAN KAWASAN PERMUKIMAN — Kab. Bogor,Kab. Bogor,DINAS PERUMAHAN DAN KAWASAN PERMUKIMAN,"Jawa Barat, Bogor (Kab.)",LOCAL_AGENCY,21,765432071,June 2026; May 2026,AUDIO; DESKTOP; IT_HARDWARE; LAPTOP; NETWORKING; OFFICE_FURNITURE; PRINTER; SERVER,,,,,,,,
Dinas Pertanian dan Ketahanan Pangan,Dinas Pertanian dan Ketahanan Pangan — Kab. Situbondo,Kab. Situbondo,Dinas Pertanian dan Ketahanan Pangan,"Jawa Timur, Situbondo (Kab.) | Jawa Timur, Situbondo (Kab.)",LOCAL_AGENCY,20,644627159,June 2026; May 2026,AUDIO; CCTV; DESKTOP; IT_HARDWARE; LAPTOP; OFFICE_FURNITURE; PRINTER,,,,,,,,
DINAS PERINDUSTRIAN DAN PERDAGANGAN,DINAS PERINDUSTRIAN DAN PERDAGANGAN — Kota Denpasar,Kota Denpasar,DINAS PERINDUSTRIAN DAN PERDAGANGAN,"Bali, Denpasar (Kota)",LOCAL_AGENCY,20,615838100,June 2026; May 2026,AUDIO; CCTV; DESKTOP; IT_HARDWARE; OFFICE_FURNITURE,,,,,,,,
Dinas Pemberdayaan Perempuan dan Perlindungan Anak,Dinas Pemberdayaan Perempuan dan Perlindungan Anak — Kota Makassar,Kota Makassar,Dinas Pemberdayaan Perempuan dan Perlindungan Anak,"Sulawesi Selatan, Makassar (Kota)",LOCAL_AGENCY,19,236350468,June 2026; May 2026,CCTV; DESKTOP; IT_HARDWARE; LAPTOP; NETWORKING; OFFICE_FURNITURE; PRINTER,,,,,,,,
"Badan Perencanaan Pembangunan, Riset dan Inovasi Daerah","Badan Perencanaan Pembangunan, Riset dan Inovasi Daerah — Kota Metro",Kota Metro,"Badan Perencanaan Pembangunan, Riset dan Inovasi Daerah","Lampung, Metro (Kota)",LOCAL_AGENCY,19,129265100,June 2026; May 2026,DESKTOP; IT_HARDWARE; OFFICE_FURNITURE; PRINTER; SERVER,,,,,,,,
Dinas Syariat Islam Aceh,Dinas Syariat Islam Aceh — Aceh,Aceh,Dinas Syariat Islam Aceh,"Aceh, Aceh Besar (Kab.)",LOCAL_AGENCY,18,10638206700,May 2026,AUDIO; NETWORKING,,,,,,,,
BADAN PENANGGULANGAN BENCANA DAERAH,BADAN PENANGGULANGAN BENCANA DAERAH — Kab. Kepulauan Mentawai,Kab. Kepulauan Mentawai,BADAN PENANGGULANGAN BENCANA DAERAH,"Sumatera Barat, Kepulauan Mentawai (Kab.)",LOCAL_AGENCY,18,650607792,June 2026; May 2026,AUDIO; CAMERA_VIDEO; CCTV; DESKTOP; IT_HARDWARE; OFFICE_FURNITURE,,,,,,,,
"Dinas Pemuda, Olah Raga, dan Pariwisata","Dinas Pemuda, Olah Raga, dan Pariwisata — Kota Bontang",Kota Bontang,"Dinas Pemuda, Olah Raga, dan Pariwisata","Kalimantan Timur, Bontang (Kota)",LOCAL_AGENCY,18,476184200,June 2026; May 2026,AUDIO; CAMERA_VIDEO; DESKTOP; IT_HARDWARE; OFFICE_FURNITURE,,,,,,,,
Dinas Ketahanan Pangan,Dinas Ketahanan Pangan — Kab. Ogan Komering Ulu,Kab. Ogan Komering Ulu,Dinas Ketahanan Pangan,"Sumatera Selatan, Ogan Komering Ulu (Kab.)",LOCAL_AGENCY,17,617759703,June 2026; May 2026,DESKTOP; IT_HARDWARE; OFFICE_FURNITURE,,,,,,,,
Dinas Kependudukan Dan Pencatatan Sipil,Dinas Kependudukan Dan Pencatatan Sipil — Kab. Melawi,Kab. Melawi,Dinas Kependudukan Dan Pencatatan Sipil,"Kalimantan Barat, Melawi (Kab.)",LOCAL_AGENCY,17,468432000,June 2026; May 2026,DESKTOP; IT_HARDWARE,,,,,,,,
R S U D Dr. Abdul Rivai,R S U D Dr. Abdul Rivai — Kab. Berau,Kab. Berau,R S U D Dr. Abdul Rivai,"Kalimantan Timur, Berau (Kab.)",LOCAL_AGENCY,17,314254000,June 2026; May 2026,DESKTOP; IT_HARDWARE; LAPTOP; PRINTER; SCANNER,,,,,,,,
Dinas Pemberdayaan Masyarakat Dan Desa,Dinas Pemberdayaan Masyarakat Dan Desa — Kab. Lamongan,Kab. Lamongan,Dinas Pemberdayaan Masyarakat Dan Desa,"Jawa Timur, Lamongan (Kab.)",LOCAL_AGENCY,17,217830620,June 2026; May 2026,AUDIO; DESKTOP; IT_HARDWARE; OFFICE_FURNITURE,,,,,,,,
Dinas Kearsipan dan Perpustakaan,Dinas Kearsipan dan Perpustakaan — Kab. Jepara,Kab. Jepara,Dinas Kearsipan dan Perpustakaan,"Jawa Tengah, Jepara (Kab.) | Jawa Tengah, Jepara (Kab.)",LOCAL_AGENCY,17,136407800,June 2026; May 2026,AUDIO; DESKTOP; IT_HARDWARE; OFFICE_FURNITURE,,,,,,,,
BADAN KEUANGAN DAN ASET DAERAH,BADAN KEUANGAN DAN ASET DAERAH — Kab. Sleman,Kab. Sleman,BADAN KEUANGAN DAN ASET DAERAH,"DI Yogyakarta, Sleman (Kab.)",LOCAL_AGENCY,16,628171047,June 2026; May 2026,DESKTOP; IT_HARDWARE; LAPTOP; OFFICE_FURNITURE; PRINTER,,,,,,,,
DINAS PEMADAM KEBAKARAN DAN PENYELAMATAN,DINAS PEMADAM KEBAKARAN DAN PENYELAMATAN — Kota Denpasar,Kota Denpasar,DINAS PEMADAM KEBAKARAN DAN PENYELAMATAN,"Bali, Denpasar (Kota)",LOCAL_AGENCY,16,183879500,June 2026; May 2026,DESKTOP; IT_HARDWARE; OFFICE_FURNITURE; PRINTER,,,,,,,,
Dinas Pariwisata dan Kebudayaan,Dinas Pariwisata dan Kebudayaan — Kota Jambi,Kota Jambi,Dinas Pariwisata dan Kebudayaan,"Jambi, Jambi (Kota)",LOCAL_AGENCY,15,1357118496,June 2026; May 2026,AUDIO; DESKTOP; IT_HARDWARE; OFFICE_FURNITURE; PRINTER; UPS,,,,,,,,
DINAS PERIKANAN DAN PETERNAKAN,DINAS PERIKANAN DAN PETERNAKAN — Kab. Bogor,Kab. Bogor,DINAS PERIKANAN DAN PETERNAKAN,"Jawa Barat, Bogor (Kab.)",LOCAL_AGENCY,15,402939934,June 2026; May 2026,DESKTOP; IT_HARDWARE; OFFICE_FURNITURE,,,,,,,,
"Dinas Tenaga Kerja, Koperasi, Usaha Kecil dan Menengah","Dinas Tenaga Kerja, Koperasi, Usaha Kecil dan Menengah — Kab. Tebo",Kab. Tebo,"Dinas Tenaga Kerja, Koperasi, Usaha Kecil dan Menengah","Jambi, Tebo (Kab.)",LOCAL_AGENCY,15,266242300,May 2026,AUDIO; DESKTOP; IT_HARDWARE; NETWORKING; OFFICE_FURNITURE,,,,,,,,
"Dinas Perindustrian, Perdagangan, Koperasi, Usaha Kecil dan Menengah","Dinas Perindustrian, Perdagangan, Koperasi, Usaha Kecil dan Menengah — Kab. Kupang",Kab. Kupang,"Dinas Perindustrian, Perdagangan, Koperasi, Usaha Kecil dan Menengah","Nusa Tenggara Timur, Kupang (Kab.)",LOCAL_AGENCY,15,96023290,May 2026,AUDIO; CCTV; DESKTOP; IT_HARDWARE,,,,,,,,
Dinas Pemberdayaan Masyarakat dan Desa,Dinas Pemberdayaan Masyarakat dan Desa — Kab. Sukoharjo,Kab. Sukoharjo,Dinas Pemberdayaan Masyarakat dan Desa,"Jawa Tengah, Sukoharjo (Kab.)",LOCAL_AGENCY,14,491155926,June 2026; May 2026,DESKTOP; IT_HARDWARE; LAPTOP,,,,,,,,
Dinas Ketenagakerjaan,Dinas Ketenagakerjaan — Kota Makassar,Kota Makassar,Dinas Ketenagakerjaan,"Sulawesi Selatan, Makassar (Kota)",LOCAL_AGENCY,14,344972123,June 2026; May 2026,DESKTOP; IT_HARDWARE; NETWORKING; OFFICE_FURNITURE,,,,,,,,
"Dinas Komunikasi, Informatika dan Statistik","Dinas Komunikasi, Informatika dan Statistik — Kota Metro",Kota Metro,"Dinas Komunikasi, Informatika dan Statistik","Lampung, Metro (Kota)",LOCAL_AGENCY,14,204099700,June 2026; May 2026,AUDIO; CAMERA_VIDEO; DESKTOP; IT_HARDWARE; LAPTOP; NETWORKING; OFFICE_FURNITURE; PRINTER,,,,,,,,
DINAS KEARSIPAN DAN PERPUSTAKAAN,DINAS KEARSIPAN DAN PERPUSTAKAAN — Kab. Fak Fak,Kab. Fak Fak,DINAS KEARSIPAN DAN PERPUSTAKAAN,"Papua Barat, Fak-Fak (Kab.)",LOCAL_AGENCY,14,195323292,June 2026; May 2026,AUDIO; CAMERA_VIDEO; DESKTOP; IT_HARDWARE; OFFICE_FURNITURE; STORAGE; UPS,,,,,,,,
"Dinas Kepemudaan, Olahraga dan Pariwisata","Dinas Kepemudaan, Olahraga dan Pariwisata — Kab. Sumbawa",Kab. Sumbawa,"Dinas Kepemudaan, Olahraga dan Pariwisata","Nusa Tenggara Barat, Sumbawa (Kab.)",LOCAL_AGENCY,14,129672650,June 2026; May 2026,AUDIO; CCTV; DESKTOP; IT_HARDWARE; OFFICE_FURNITURE,,,,,,,,
Dinas Kebudayaan,Dinas Kebudayaan — Kota Makassar,Kota Makassar,Dinas Kebudayaan,"Sulawesi Selatan, Makassar (Kota)",LOCAL_AGENCY,14,118659600,June 2026; May 2026,AUDIO; CCTV; DESKTOP; IT_HARDWARE; OFFICE_FURNITURE,,,,,,,,
DINAS PERUMAHAN RAKYAT DAN KAWASAN PERMUKIMAN,DINAS PERUMAHAN RAKYAT DAN KAWASAN PERMUKIMAN — Kab. Mamberamo Raya,Kab. Mamberamo Raya,DINAS PERUMAHAN RAKYAT DAN KAWASAN PERMUKIMAN,"Papua, Mamberamo Raya (Kab.)",LOCAL_AGENCY,14,100427451,June 2026; May 2026,DESKTOP; IT_HARDWARE; NETWORKING; OFFICE_FURNITURE,,,,,,,,
Badan Riset dan Inovasi Daerah,Badan Riset dan Inovasi Daerah — Kab. Klungkung,Kab. Klungkung,Badan Riset dan Inovasi Daerah,"Bali, Klungkung (Kab.)",LOCAL_AGENCY,13,429058800,June 2026; May 2026,DESKTOP; IT_HARDWARE; LAPTOP; PRINTER,,,,,,,,
Dinas Tenaga Kerja,Dinas Tenaga Kerja — Kab. Kediri,Kab. Kediri,Dinas Tenaga Kerja,"Jawa Timur, Kediri (Kab.) | Jawa Timur, Kediri (Kab.)",LOCAL_AGENCY,13,369306740,June 2026; May 2026,AUDIO; DESKTOP; IT_HARDWARE; OFFICE_FURNITURE; PRINTER,,,,,,,,
Dinas Perdagangan dan Perindustrian,Dinas Perdagangan dan Perindustrian — Kab. Musi Banyuasin,Kab. Musi Banyuasin,Dinas Perdagangan dan Perindustrian,"Sumatera Selatan, Musi Banyu Asin (Kab.)",LOCAL_AGENCY,13,177984568,June 2026; May 2026,AUDIO; CAMERA_VIDEO; DESKTOP; IT_HARDWARE; NETWORKING; OFFICE_FURNITURE,,,,,,,,
Dinas Perumahan Rakyat dan Kawasan Permukiman,Dinas Perumahan Rakyat dan Kawasan Permukiman — Kab. Sumbawa,Kab. Sumbawa,Dinas Perumahan Rakyat dan Kawasan Permukiman,"Nusa Tenggara Barat, Sumbawa (Kab.)",LOCAL_AGENCY,13,117199800,June 2026; May 2026,CCTV; IT_HARDWARE; SCANNER,,,,,,,,
DINAS PERINDUSTRIAN DAN TENAGA KERJA,DINAS PERINDUSTRIAN DAN TENAGA KERJA — Kab. Purbalingga,Kab. Purbalingga,DINAS PERINDUSTRIAN DAN TENAGA KERJA,"Jawa Tengah, Purbalingga (Kab.)",LOCAL_AGENCY,13,25422000,June 2026; May 2026,AUDIO; DESKTOP; IT_HARDWARE; OFFICE_FURNITURE,,,,,,,,
DINAS TENAGA KERJA,DINAS TENAGA KERJA — Kab. Kebumen,Kab. Kebumen,DINAS TENAGA KERJA,"Jawa Tengah, Kebumen (Kab.)",LOCAL_AGENCY,12,265692246,June 2026; May 2026,CCTV; DESKTOP; IT_HARDWARE; LAPTOP; NETWORKING; OFFICE_FURNITURE,,,,,,,,
SEKRETARIAT DAERAH KOTA GUNUNGSITOLI,SEKRETARIAT DAERAH KOTA GUNUNGSITOLI — Kota Gunungsitoli,Kota Gunungsitoli,SEKRETARIAT DAERAH KOTA GUNUNGSITOLI,"Sumatera Utara, Gunung Sitoli (Kota)",LOCAL_AGENCY,11,643621729,June 2026; May 2026,AUDIO; DESKTOP; IT_HARDWARE; NETWORKING; OFFICE_FURNITURE,,,,,,,,
Dinas Pertanian dan Pangan,Dinas Pertanian dan Pangan — Kab. Gunungkidul,Kab. Gunungkidul,Dinas Pertanian dan Pangan,"DI Yogyakarta, Gunung Kidul (Kab.)",LOCAL_AGENCY,11,485732300,June 2026; May 2026,DESKTOP; IT_HARDWARE; OFFICE_FURNITURE,,,,,,,,
BADAN PENGELOLAAN KEUANGAN KABUPATEN,BADAN PENGELOLAAN KEUANGAN KABUPATEN — Kab. Pidie,Kab. Pidie,BADAN PENGELOLAAN KEUANGAN KABUPATEN,"Aceh, Pidie (Kab.)",LOCAL_AGENCY,11,268426249,June 2026,IT_HARDWARE; LAPTOP; OFFICE_FURNITURE; PRINTER,,,,,,,,
Badan Pengelolaan Keuangan Daerah,Badan Pengelolaan Keuangan Daerah — Kab. Ciamis,Kab. Ciamis,Badan Pengelolaan Keuangan Daerah,"Jawa Barat, Ciamis (Kab.)",LOCAL_AGENCY,11,249457000,June 2026; May 2026,IT_HARDWARE; OFFICE_FURNITURE; PRINTER,,,,,,,,
DINAS PARIWISATA DAN KEBUDAYAAN,DINAS PARIWISATA DAN KEBUDAYAAN — Kab. Kebumen,Kab. Kebumen,DINAS PARIWISATA DAN KEBUDAYAAN,"Jawa Tengah, Kebumen (Kab.) | Jawa Tengah, Kebumen (Kab.) | Jawa Tengah, Kebumen (Kab.) | Jawa Tengah, Kebumen (Kab.) | Jawa Tengah, Kebumen (Kab.) | Jawa Tengah, Kebumen (Kab.) | Jawa Tengah, Kebumen (Kab.)",LOCAL_AGENCY,11,209786666,June 2026; May 2026,CAMERA_VIDEO; IT_HARDWARE; OFFICE_FURNITURE,,,,,,,,
Kecamatan Ciamis,Kecamatan Ciamis — Kab. Ciamis,Kab. Ciamis,Kecamatan Ciamis,"Jawa Barat, Ciamis (Kab.)",LOCAL_AGENCY,11,50590000,June 2026; May 2026,IT_HARDWARE; LAPTOP; PRINTER,,,,,,,,
Kecamatan Asemrowo,Kecamatan Asemrowo — Kota Surabaya,Kota Surabaya,Kecamatan Asemrowo,"Jawa Timur, Surabaya (Kota)",LOCAL_AGENCY,10,541087327,June 2026; May 2026,AUDIO; CCTV; DESKTOP; IT_HARDWARE; LAPTOP; NETWORKING; OFFICE_FURNITURE,,,,,,,,
"DINAS KESEHATAN, PENGENDALIAN PENDUDUK DAN KELUARGA BERENCANA","DINAS KESEHATAN, PENGENDALIAN PENDUDUK DAN KELUARGA BERENCANA — Kab. Humbang Hasundutan",Kab. Humbang Hasundutan,"DINAS KESEHATAN, PENGENDALIAN PENDUDUK DAN KELUARGA BERENCANA","Sumatera Utara, Humbang Hasundutan (Kab.)",LOCAL_AGENCY,10,540396600,June 2026; May 2026,AUDIO; DESKTOP; IT_HARDWARE; LAPTOP; NETWORKING; OFFICE_FURNITURE,,,,,,,,
Dinas Perumahan dan Kawasan Permukiman,Dinas Perumahan dan Kawasan Permukiman — Kota Cimahi,Kota Cimahi,Dinas Perumahan dan Kawasan Permukiman,"Jawa Barat, Cimahi (Kota) | Jawa Barat, Cimahi (Kota) | Jawa Barat, Cimahi (Kota)",LOCAL_AGENCY,10,409279604,June 2026; May 2026,IT_HARDWARE; OFFICE_FURNITURE; PRINTER; STORAGE,,,,,,,,
BAGIAN KESEJAHTERAAN RAKYAT,BAGIAN KESEJAHTERAAN RAKYAT — Kab. Lahat,Kab. Lahat,BAGIAN KESEJAHTERAAN RAKYAT,"Sumatera Selatan, Lahat (Kab.)",LOCAL_AGENCY,10,288635400,June 2026; May 2026,AUDIO; IT_HARDWARE; OFFICE_FURNITURE; PRINTER,,,,,,,,
Dinas Kebudayaan dan Pariwisata,Dinas Kebudayaan dan Pariwisata — Kab. Kuantan Singingi,Kab. Kuantan Singingi,Dinas Kebudayaan dan Pariwisata,"Riau, Kuantan Singingi (Kab.)",LOCAL_AGENCY,10,162098650,June 2026; May 2026,AUDIO; CAMERA_VIDEO; DESKTOP; IT_HARDWARE; OFFICE_FURNITURE; STORAGE,,,,,,,,
DINAS PERTANIAN DAN PANGAN,DINAS PERTANIAN DAN PANGAN — Kab. Kebumen,Kab. Kebumen,DINAS PERTANIAN DAN PANGAN,"Jawa Tengah, Kebumen (Kab.)",LOCAL_AGENCY,10,137394436,June 2026; May 2026,DESKTOP; IT_HARDWARE; OFFICE_FURNITURE,,,,,,,,
Dinas Perdagangan,Dinas Perdagangan — Kab. Ogan Komering Ilir,Kab. Ogan Komering Ilir,Dinas Perdagangan,"Sumatera Selatan, Ogan Komering Ilir (Kab.)",LOCAL_AGENCY,10,117287520,June 2026; May 2026,AUDIO; CCTV; IT_HARDWARE; OFFICE_FURNITURE; UPS,,,,,,,,
Bagian Kesejahteraan Rakyat,Bagian Kesejahteraan Rakyat — Kab. Batu Bara,Kab. Batu Bara,Bagian Kesejahteraan Rakyat,"Sumatera Utara, Batubara (Kab.)",LOCAL_AGENCY,10,100566200,June 2026; May 2026,AUDIO; DESKTOP; IT_HARDWARE; LAPTOP; OFFICE_FURNITURE,,,,,,,,
BAGIAN UMUM,BAGIAN UMUM — Kab. Brebes,Kab. Brebes,BAGIAN UMUM,"Jawa Tengah, Brebes (Kab.) | Jawa Tengah, Brebes (Kab.) | Jawa Tengah, Brebes (Kab.)",LOCAL_AGENCY,9,533404700,June 2026; May 2026,DESKTOP; IT_HARDWARE; LAPTOP; OFFICE_FURNITURE; PRINTER,,,,,,,,
BADAN PENGELOLA KEUANGAN DAN ASET DAERAH,BADAN PENGELOLA KEUANGAN DAN ASET DAERAH — Kab. Konawe,Kab. Konawe,BADAN PENGELOLA KEUANGAN DAN ASET DAERAH,"Sulawesi Tenggara, Konawe (Kab.)",LOCAL_AGENCY,9,531744000,June 2026; May 2026,AUDIO; CAMERA_VIDEO; DESKTOP; IT_HARDWARE; LAPTOP; OFFICE_FURNITURE; PRINTER,,,,,,,,
Dinas Ketahanan Pangan dan Pertanian,Dinas Ketahanan Pangan dan Pertanian — Kab. Jepara,Kab. Jepara,Dinas Ketahanan Pangan dan Pertanian,"Jawa Tengah, Jepara (Kab.)",LOCAL_AGENCY,9,443686784,June 2026; May 2026,CCTV; IT_HARDWARE; OFFICE_FURNITURE,,,,,,,,
DINAS PERPUSTAKAAN DAN ARSIP DAERAH,DINAS PERPUSTAKAAN DAN ARSIP DAERAH — Kota Tangerang,Kota Tangerang,DINAS PERPUSTAKAAN DAN ARSIP DAERAH,"Banten, Tangerang (Kota)",LOCAL_AGENCY,9,336260000,June 2026; May 2026,AUDIO; CCTV; DESKTOP; IT_HARDWARE; OFFICE_FURNITURE,,,,,,,,
"DINAS SOSIAL, PEMBERDAYAAN PEREMPUAN DAN PERLINDUNGAN ANAK, PENGENDALIAN PENDUDUK DAN KELUARGA BERENCANA","DINAS SOSIAL, PEMBERDAYAAN PEREMPUAN DAN PERLINDUNGAN ANAK, PENGENDALIAN PENDUDUK DAN KELUARGA BERENCANA — Kab. Klaten",Kab. Klaten,"DINAS SOSIAL, PEMBERDAYAAN PEREMPUAN DAN PERLINDUNGAN ANAK, PENGENDALIAN PENDUDUK DAN KELUARGA BERENCANA","Jawa Tengah, Klaten (Kab.)",LOCAL_AGENCY,9,323488150,June 2026; May 2026,AUDIO; DESKTOP; IT_HARDWARE,,,,,,,,
"BADAN PENGELOLAAN KEUANGAN, PENDAPATAN DAN ASET DAERAH","BADAN PENGELOLAAN KEUANGAN, PENDAPATAN DAN ASET DAERAH — Kab. Demak",Kab. Demak,"BADAN PENGELOLAAN KEUANGAN, PENDAPATAN DAN ASET DAERAH","Jawa Tengah, Demak (Kab.)",LOCAL_AGENCY,9,264358500,June 2026; May 2026,DESKTOP; IT_HARDWARE; NETWORKING,,,,,,,,
Dinas Pemberdayaan Masyarakat dan Kampung,Dinas Pemberdayaan Masyarakat dan Kampung — Kab. Sorong,Kab. Sorong,Dinas Pemberdayaan Masyarakat dan Kampung,"Papua Barat Daya, Sorong (Kab.)",LOCAL_AGENCY,9,165678520,May 2026,DESKTOP; IT_HARDWARE; LAPTOP; OFFICE_FURNITURE; PRINTER; UPS,,,,,,,,
"Dinas Perdagangan, Perindustrian dan Tenaga Kerja","Dinas Perdagangan, Perindustrian dan Tenaga Kerja — Kab. Sekadau",Kab. Sekadau,"Dinas Perdagangan, Perindustrian dan Tenaga Kerja","Kalimantan Barat, Sekadau (Kab.)",LOCAL_AGENCY,9,92479127,June 2026; May 2026,DESKTOP; IT_HARDWARE,,,,,,,,
DINAS PEMBERDAYAAN PEREMPUAN DAN PERLINDUNGAN ANAK,DINAS PEMBERDAYAAN PEREMPUAN DAN PERLINDUNGAN ANAK — Kab. Konawe Selatan,Kab. Konawe Selatan,DINAS PEMBERDAYAAN PEREMPUAN DAN PERLINDUNGAN ANAK,"Sulawesi Tenggara, Konawe Selatan (Kab.)",LOCAL_AGENCY,9,74677000,June 2026; May 2026,CCTV; IT_HARDWARE; OFFICE_FURNITURE,,,,,,,,
Kecamatan Wajo,Kecamatan Wajo — Kota Makassar,Kota Makassar,Kecamatan Wajo,"Sulawesi Selatan, Makassar (Kota)",LOCAL_AGENCY,8,2630250600,June 2026; May 2026,DESKTOP; IT_HARDWARE; OFFICE_FURNITURE,,,,,,,,
Kecamatan Krembangan,Kecamatan Krembangan — Kota Surabaya,Kota Surabaya,Kecamatan Krembangan,"Jawa Timur, Surabaya (Kota)",LOCAL_AGENCY,8,865773315,June 2026; May 2026,AUDIO; CCTV; DESKTOP; IT_HARDWARE; OFFICE_FURNITURE; PRINTER; STORAGE,,,,,,,,
Kecamatan Arcamanik,Kecamatan Arcamanik — Kota Bandung,Kota Bandung,Kecamatan Arcamanik,"Jawa Barat, Bandung (Kota)",LOCAL_AGENCY,8,730997700,June 2026; May 2026,CCTV; OFFICE_FURNITURE,,,,,,,,
INSPEKTORAT DAERAH,INSPEKTORAT DAERAH — Kab. Kebumen,Kab. Kebumen,INSPEKTORAT DAERAH,"Jawa Tengah, Kebumen (Kab.) | Jawa Tengah, Kebumen (Kab.) | Jawa Tengah, Kebumen (Kab.) | Jawa Tengah, Kebumen (Kab.) | Jawa Tengah, Kebumen (Kab.) | Jawa Tengah, Kebumen (Kab.) | Jawa Tengah, Kebumen (Kab.) | Jawa Tengah, Kebumen (Kab.) | Jawa Tengah, Kebumen (Kab.) | Jawa Tengah, Kebumen (Kab.) | Jawa Tengah, Kebumen (Kab.) | Jawa Tengah, Kebumen (Kab.) | Jawa Tengah, Kebumen (Kab.) | Jawa Tengah, Kebumen (Kab.)",LOCAL_AGENCY,8,502512200,June 2026; May 2026,CCTV; DESKTOP; IT_HARDWARE; LAPTOP; OFFICE_FURNITURE,,,,,,,,
Dinas Ketahanan Pangan dan Peternakan,Dinas Ketahanan Pangan dan Peternakan — Kab. Kediri,Kab. Kediri,Dinas Ketahanan Pangan dan Peternakan,"Jawa Timur, Kediri (Kab.)",LOCAL_AGENCY,8,464924000,June 2026; May 2026,CCTV; DESKTOP; IT_HARDWARE; NETWORKING; OFFICE_FURNITURE,,,,,,,,
DINAS KOPERASI DAN USAHA MIKRO,DINAS KOPERASI DAN USAHA MIKRO — Kota Semarang,Kota Semarang,DINAS KOPERASI DAN USAHA MIKRO,"Jawa Tengah, Semarang (Kota)",LOCAL_AGENCY,8,397893761,June 2026; May 2026,AUDIO; DESKTOP; IT_HARDWARE; OFFICE_FURNITURE,,,,,,,,
"Dinas Kebudayaan, Kepemudaan, Olahraga dan Pariwisata Kota Banjarmasin","Dinas Kebudayaan, Kepemudaan, Olahraga dan Pariwisata Kota Banjarmasin — Kota Banjarmasin",Kota Banjarmasin,"Dinas Kebudayaan, Kepemudaan, Olahraga dan Pariwisata Kota Banjarmasin","Kalimantan Selatan, Banjarmasin (Kota)",LOCAL_AGENCY,8,383755000,June 2026; May 2026,AUDIO; DESKTOP; IT_HARDWARE; OFFICE_FURNITURE,,,,,,,,
