source_url,source_type,package_code,package_name,institution_name,stage_or_status,hps_or_pagu,fiscal_year,collected_at,evidence_level,raw_file_path
https://spse.inaproc.id/nasional/dt/lelang?tahun=2026,tender,10149391000,Peningkatan Jalan Walet desa Fajar Baru Kec.Jati Agung Tender Ulang,Kab. Lampung Selatan,Pengumuman Pascakualifikasi [...],530 Jt,2026,2026-07-05T20:09:00+00:00,SPSE_NATIONAL_PROCESS_FOUND,data\evidence\spse\nasional\raw\2026-07-05T200900Z0000_tender_2026_datatable.json
https://spse.inaproc.id/nasional/dt/lelang?tahun=2026,tender,10149390000,"Peningkatan Jalan Nakula Sadewa Desa Margorejo, Kec. Jati Agung Tender Ulang",Kab. Lampung Selatan,Pengumuman Pascakualifikasi [...],500 Jt,2026,2026-07-05T20:09:00+00:00,SPSE_NATIONAL_PROCESS_FOUND,data\evidence\spse\nasional\raw\2026-07-05T200900Z0000_tender_2026_datatable.json
https://spse.inaproc.id/nasional/dt/lelang?tahun=2026,tender,10149386000,Rekonstruksi Ruas Jalan Banjarmasin - Rawi (R.058) Kec.Penengahan Tender Ulang,Kab. Lampung Selatan,Pengumuman Pascakualifikasi [...],"10,3 M",2026,2026-07-05T20:09:00+00:00,SPSE_NATIONAL_PROCESS_FOUND,data\evidence\spse\nasional\raw\2026-07-05T200900Z0000_tender_2026_datatable.json
https://spse.inaproc.id/nasional/dt/lelang?tahun=2026,tender,10148970000,PEMBANGUNAN PUSKESMAS BRAJACAKA,Kab. Lampung Timur,Pengumuman Pascakualifikasi [...],"5,7 M",2026,2026-07-05T20:09:00+00:00,SPSE_NATIONAL_PROCESS_FOUND,data\evidence\spse\nasional\raw\2026-07-05T200900Z0000_tender_2026_datatable.json
https://spse.inaproc.id/nasional/dt/lelang?tahun=2026,tender,10148860000,Pengadaan Interior Ex. Samsat Polres Tulang Bawang,Kab. Tulang Bawang,Pengumuman Pascakualifikasi [...],680 Jt,2026,2026-07-05T20:09:00+00:00,SPSE_NATIONAL_PROCESS_FOUND,data\evidence\spse\nasional\raw\2026-07-05T200900Z0000_tender_2026_datatable.json
https://spse.inaproc.id/nasional/dt/lelang?tahun=2026,tender,10148689000,Penyusunan Dokumen Feasibility Study dan Master Plan Sport Center Papua Tengah Seleksi Ulang,Provinsi Papua Tengah,Pengumuman Prakualifikasi [...],3 M,2026,2026-07-05T20:09:00+00:00,SPSE_NATIONAL_PROCESS_FOUND,data\evidence\spse\nasional\raw\2026-07-05T200900Z0000_tender_2026_datatable.json
https://spse.inaproc.id/nasional/dt/lelang?tahun=2026,tender,10148685000,Rehabilitasi Total Gedung Rawat Inap Penyakit Dalam Wanita RSUD Dr H Bob Bazar SKM(DAK),Kab. Lampung Selatan,Pengumuman Pascakualifikasi [...],"3,2 M",2026,2026-07-05T20:09:00+00:00,SPSE_NATIONAL_PROCESS_FOUND,data\evidence\spse\nasional\raw\2026-07-05T200900Z0000_tender_2026_datatable.json
https://spse.inaproc.id/nasional/dt/lelang?tahun=2026,tender,10148659000,Rehabilitasi Total Gedung Rawat Inap Penyakit Dalam Pria RSUD Dr H Bob Bazar SKM (DAK),Kab. Lampung Selatan,Pengumuman Pascakualifikasi [...],3 M,2026,2026-07-05T20:09:00+00:00,SPSE_NATIONAL_PROCESS_FOUND,data\evidence\spse\nasional\raw\2026-07-05T200900Z0000_tender_2026_datatable.json
https://spse.inaproc.id/nasional/dt/lelang?tahun=2026,tender,10148387000,Manajemen Konstruksi Pembangunan Rumah Susun Grup 2 Kopassus Sukoharjo,Kementerian Perumahan dan Kawasan Permukiman,Tidak Ada Jadwal,"1,4 M",2026,2026-07-05T20:09:00+00:00,SPSE_NATIONAL_PROCESS_FOUND,data\evidence\spse\nasional\raw\2026-07-05T200900Z0000_tender_2026_datatable.json
https://spse.inaproc.id/nasional/dt/lelang?tahun=2026,tender,10148252000,Peningkatan Jembatan Penguhubung antar Desa Radak Dua dan Radak Satu Kec. Terentang,Kementerian Transmigrasi,"Evaluasi Administrasi, Kualifikasi, Teknis, dan Harga",2 M,2026,2026-07-05T20:09:00+00:00,SPSE_NATIONAL_PROCESS_FOUND,data\evidence\spse\nasional\raw\2026-07-05T200900Z0000_tender_2026_datatable.json
https://spse.inaproc.id/nasional/dt/lelang?tahun=2026,tender,10147798000,",PENINGKATAN JALAN LOKASI TPU ELELIM Tender Ulang",Kab. Yalimo,"Evaluasi Administrasi, Kualifikasi, Teknis, dan Harga",3 M,2026,2026-07-05T20:09:00+00:00,SPSE_NATIONAL_PROCESS_FOUND,data\evidence\spse\nasional\raw\2026-07-05T200900Z0000_tender_2026_datatable.json
https://spse.inaproc.id/nasional/dt/lelang?tahun=2026,tender,10147594000,Pengembangan Gedung Ruang Operasi RSUD KH. Ahmad Hanafiah,Kab. Lampung Timur,Pengumuman Pascakualifikasi [...],"796,9 Jt",2026,2026-07-05T20:09:00+00:00,SPSE_NATIONAL_PROCESS_FOUND,data\evidence\spse\nasional\raw\2026-07-05T200900Z0000_tender_2026_datatable.json
https://spse.inaproc.id/nasional/dt/lelang?tahun=2026,tender,10147577000,Pembangunan Gedung Poliklinik RSUD KH. Ahmad Hanafiah,Kab. Lampung Timur,Pengumuman Pascakualifikasi [...],"5,2 M",2026,2026-07-05T20:09:00+00:00,SPSE_NATIONAL_PROCESS_FOUND,data\evidence\spse\nasional\raw\2026-07-05T200900Z0000_tender_2026_datatable.json
https://spse.inaproc.id/nasional/dt/lelang?tahun=2026,tender,10147404000,"Pengadaan Jasa Konsultansi Pengawasan Renovasi Atap Kantor, Parkiran, Landscape Halaman, Lobby dan Penambahan Ruang Pelayanan Kantor Imigrasi Kelas II TPI Selatpanjang - Riau Tahun Anggaran 2026",Kementerian Imigrasi dan Pemasyarakatan,Pengumuman Prakualifikasi [...],151 Jt,2026,2026-07-05T20:09:00+00:00,SPSE_NATIONAL_PROCESS_FOUND,data\evidence\spse\nasional\raw\2026-07-05T200900Z0000_tender_2026_datatable.json
https://spse.inaproc.id/nasional/dt/lelang?tahun=2026,tender,10147391000,Supervisi Pembangunan Peningkatan Jalan Akses Poros Kawasan SPA Monuntu,Kementerian Transmigrasi,Evaluasi Dokumen Kualifikasi,225 Jt,2026,2026-07-05T20:09:00+00:00,SPSE_NATIONAL_PROCESS_FOUND,data\evidence\spse\nasional\raw\2026-07-05T200900Z0000_tender_2026_datatable.json
https://spse.inaproc.id/nasional/dt/lelang?tahun=2026,tender,10147263000,"Pembangunan Ruang Kelas baru SMA YPPGI Karubaga, Tolikara (2 RKB) Tender Ulang",Provinsi Papua Pegunungan,Masa Sanggah,"1,4 M",2026,2026-07-05T20:09:00+00:00,SPSE_NATIONAL_PROCESS_FOUND,data\evidence\spse\nasional\raw\2026-07-05T200900Z0000_tender_2026_datatable.json
https://spse.inaproc.id/nasional/dt/lelang?tahun=2026,tender,10147123000,Pengadaan Pekerjaan Konstruksi Fisik Renovasi Rumah Dinas Tipe B dan 3 (tiga) unit Tipe C beserta Pembangunan Pagar pada Kantor Imigrasi Kelas II TPI Tembilahan - Riau Tahun Anggaran 2026,Kementerian Imigrasi dan Pemasyarakatan,Pengumuman Pascakualifikasi [...],"5,4 M",2026,2026-07-05T20:09:00+00:00,SPSE_NATIONAL_PROCESS_FOUND,data\evidence\spse\nasional\raw\2026-07-05T200900Z0000_tender_2026_datatable.json
https://spse.inaproc.id/nasional/dt/pl?tahun=2026,nontender,10939587000,PERENCANAAN REHABILITASI PAGAR KAMPUS AREA BENGKEL BPU,"Kementerian Pendidikan Tinggi, Sains, dan Teknologi",Upload Dokumen Penawaran,"40,4 Jt",2026,2026-07-05T20:09:00+00:00,SPSE_NATIONAL_PROCESS_FOUND,data\evidence\spse\nasional\raw\2026-07-05T200900Z0000_nontender_2026_datatable.json
https://spse.inaproc.id/nasional/dt/pl?tahun=2026,nontender,10939572000,PENGAWASAN REHAB GEDUNG KULIAH PRODI S-1 PETERNAKAN DAN PENGECATAN RUANG KELAS PRODI S-1 PETERNAKAN,"Kementerian Pendidikan Tinggi, Sains, dan Teknologi",Upload Dokumen Penawaran,"20,3 Jt",2026,2026-07-05T20:09:00+00:00,SPSE_NATIONAL_PROCESS_FOUND,data\evidence\spse\nasional\raw\2026-07-05T200900Z0000_nontender_2026_datatable.json
https://spse.inaproc.id/nasional/dt/pl?tahun=2026,nontender,10939439000,Pemeliharaan Gedung Pendopo eks BRIN Museum Situs Kepurbakalaan Banten lama Pengadaan Langsung Ulang,Kementerian Kebudayaan,Upload Dokumen Penawaran,195 Jt,2026,2026-07-05T20:09:00+00:00,SPSE_NATIONAL_PROCESS_FOUND,data\evidence\spse\nasional\raw\2026-07-05T200900Z0000_nontender_2026_datatable.json
https://spse.inaproc.id/nasional/dt/pl?tahun=2026,nontender,10939349000,Pemeliharaan Gedung Pendopo eks BRIN Museum Situs Kepurbakalaan Banten lama Pengadaan Langsung Ulang Pengadaan Langsung Batal,Kementerian Kebudayaan,Paket Dibatalkan,195 Jt,2026,2026-07-05T20:09:00+00:00,SPSE_NATIONAL_PROCESS_FOUND,data\evidence\spse\nasional\raw\2026-07-05T200900Z0000_nontender_2026_datatable.json
https://spse.inaproc.id/nasional/dt/pl?tahun=2026,nontender,10939342000,Jasa Konsultan Pengawas Pemeliharaan berupa Pemagaran Situs Keraton Kaibon Pengadaan Langsung Ulang,Kementerian Kebudayaan,Upload Dokumen Penawaran,"14,7 Jt",2026,2026-07-05T20:09:00+00:00,SPSE_NATIONAL_PROCESS_FOUND,data\evidence\spse\nasional\raw\2026-07-05T200900Z0000_nontender_2026_datatable.json
https://spse.inaproc.id/nasional/dt/pl?tahun=2026,nontender,10939237000,Perencanaan pengadaan dan pemasangan kantor,Provinsi Papua Tengah,Upload Dokumen Penawaran,"11,7 Jt",2026,2026-07-05T20:09:00+00:00,SPSE_NATIONAL_PROCESS_FOUND,data\evidence\spse\nasional\raw\2026-07-05T200900Z0000_nontender_2026_datatable.json
https://spse.inaproc.id/nasional/dt/pl?tahun=2026,nontender,10939171000,Pengawasan Pemeliharaan Jalan lingkungan Universitas Riau,"Kementerian Pendidikan Tinggi, Sains, dan Teknologi",Upload Dokumen Penawaran,60 Jt,2026,2026-07-05T20:09:00+00:00,SPSE_NATIONAL_PROCESS_FOUND,data\evidence\spse\nasional\raw\2026-07-05T200900Z0000_nontender_2026_datatable.json
https://spse.inaproc.id/nasional/dt/pl?tahun=2026,nontender,10938845000,Pemeliharaan Gedung Serbaguna Pada Politeknik Negeri Bali TA 2026,"Kementerian Pendidikan Tinggi, Sains, dan Teknologi",Evaluasi Penawaran,"199,9 Jt",2026,2026-07-05T20:09:00+00:00,SPSE_NATIONAL_PROCESS_FOUND,data\evidence\spse\nasional\raw\2026-07-05T200900Z0000_nontender_2026_datatable.json
https://spse.inaproc.id/nasional/dt/pl?tahun=2026,nontender,10938738000,Pekerjaan Perbaikan dan Perawatan Kebocoran Perkantoran Museum Basuki Abdullah,Kementerian Kebudayaan,Tidak Ada Jadwal,"171,5 Jt",2026,2026-07-05T20:09:00+00:00,SPSE_NATIONAL_PROCESS_FOUND,data\evidence\spse\nasional\raw\2026-07-05T200900Z0000_nontender_2026_datatable.json
https://spse.inaproc.id/nasional/dt/pl?tahun=2026,nontender,10938581000,Pemeliharaan Gedung A Kampus Panglima Polim Fakultas Keguruan dan Ilmu Pendidikan,"Kementerian Pendidikan Tinggi, Sains, dan Teknologi",Upload Dokumen Penawaran,375 Jt,2026,2026-07-05T20:09:00+00:00,SPSE_NATIONAL_PROCESS_FOUND,data\evidence\spse\nasional\raw\2026-07-05T200900Z0000_nontender_2026_datatable.json
https://spse.inaproc.id/nasional/dt/pl?tahun=2026,nontender,10938512000,Pengadaan Jasa Event Organizer Kegiatan Relawan Gerakan Kebajikan Pancasila kepada Masyarakat Kota Padang Sumatera Barat 5-8 Juli 2026,Badan Pembinaan Ideologi Pancasila,Paket Sudah Selesai,"164,8 Jt",2026,2026-07-05T20:09:00+00:00,SPSE_NATIONAL_PROCESS_FOUND,data\evidence\spse\nasional\raw\2026-07-05T200900Z0000_nontender_2026_datatable.json
https://spse.inaproc.id/nasional/dt/pl?tahun=2026,nontender,10938201000,Pemeliharaan Dinding Panjat (Boulder) Pemasangan Atap Bolder dan Pengecatan Dinding FISIP,"Kementerian Pendidikan Tinggi, Sains, dan Teknologi",Upload Dokumen Penawaran,"142,5 Jt",2026,2026-07-05T20:09:00+00:00,SPSE_NATIONAL_PROCESS_FOUND,data\evidence\spse\nasional\raw\2026-07-05T200900Z0000_nontender_2026_datatable.json
https://spse.inaproc.id/nasional/dt/pl?tahun=2026,nontender,10938059000,Pengadaan BHP Perkuliahan D-IV Manajemen Rekayasa Konstruksi,"Kementerian Pendidikan Tinggi, Sains, dan Teknologi",Upload Dokumen Penawaran,"105,1 Jt",2026,2026-07-05T20:09:00+00:00,SPSE_NATIONAL_PROCESS_FOUND,data\evidence\spse\nasional\raw\2026-07-05T200900Z0000_nontender_2026_datatable.json
https://spse.inaproc.id/nasional/dt/pl?tahun=2026,nontender,10938027000,Pengadaan Peralatan Pendidikan Fakultas Teknik,"Kementerian Pendidikan Tinggi, Sains, dan Teknologi",Upload Dokumen Penawaran,"176,5 Jt",2026,2026-07-05T20:09:00+00:00,SPSE_NATIONAL_PROCESS_FOUND,data\evidence\spse\nasional\raw\2026-07-05T200900Z0000_nontender_2026_datatable.json
https://spse.inaproc.id/nasional/dt/pl?tahun=2026,nontender,10937740000,Pengadaan Peralatan Perkantoran - Keuangan Uncen,"Kementerian Pendidikan Tinggi, Sains, dan Teknologi",Upload Dokumen Penawaran,"68,3 Jt",2026,2026-07-05T20:09:00+00:00,SPSE_NATIONAL_PROCESS_FOUND,data\evidence\spse\nasional\raw\2026-07-05T200900Z0000_nontender_2026_datatable.json
https://spse.inaproc.id/nasional/dt/pl?tahun=2026,nontender,10937620000,Pekerjaan Pembinaan Adipura melalui Pembentukan Jabatan Fungsional Binaan KLH/BPLH,Kementerian Lingkungan Hidup/Badan Pengendalian Lingkungan Hidup,Upload Dokumen Penawaran,"199,6 Jt",2026,2026-07-05T20:09:00+00:00,SPSE_NATIONAL_PROCESS_FOUND,data\evidence\spse\nasional\raw\2026-07-05T200900Z0000_nontender_2026_datatable.json
https://spse.inaproc.id/nasional/dt/pl?tahun=2026,nontender,10937318000,Inventarisasi Lahan Lokasi Alue Itam Kabupaten Aceh Timur,Kementerian Transmigrasi,Upload Dokumen Penawaran,"79,6 Jt",2026,2026-07-05T20:09:00+00:00,SPSE_NATIONAL_PROCESS_FOUND,data\evidence\spse\nasional\raw\2026-07-05T200900Z0000_nontender_2026_datatable.json
https://spse.inaproc.id/nasional/dt/darurat-list?tahun=2026,darurat,106802,Penanganan Tanggap darurat Jalan Napak Tilas Pejuang 45 Dusun Hutan Tua Desa Baru Ranji Kec. Merbau Mataram,Kab. Lampung Selatan,Paket Sedang Berjalan,500 Jt,2026,2026-07-05T20:09:00+00:00,SPSE_NATIONAL_PROCESS_FOUND,data\evidence\spse\nasional\raw\2026-07-05T200900Z0000_darurat_2026_datatable.json
https://spse.inaproc.id/nasional/dt/darurat-list?tahun=2026,darurat,105802,Penanganan Tanggap Darurat Jembatan SP. Kelala - Sumur Kecamatan Ketapang,Kab. Lampung Selatan,Paket Sedang Berjalan,900 Jt,2026,2026-07-05T20:09:00+00:00,SPSE_NATIONAL_PROCESS_FOUND,data\evidence\spse\nasional\raw\2026-07-05T200900Z0000_darurat_2026_datatable.json
https://spse.inaproc.id/nasional/dt/darurat-list?tahun=2026,darurat,104802,Penanganan Tanggap Darurat Box Culvert Jalan Kenanga Desa Natar Kecamatan Natar,Kab. Lampung Selatan,Paket Sedang Berjalan,200 Jt,2026,2026-07-05T20:09:00+00:00,SPSE_NATIONAL_PROCESS_FOUND,data\evidence\spse\nasional\raw\2026-07-05T200900Z0000_darurat_2026_datatable.json
